matricula,nome
20230001,"João Silva"
20230002,"Maria Santos"
20230003,"Pedro Oliveira"
20230004,"Ana Rodrigues"
20230005,"Carlos Ferreira"
20230006,"Mariana Costa"
20230007,"José Pereira"
20230008,"Fernanda Almeida"
20230009,"Antonio Carvalho"
20230010,"Juliana Martins"
20230011,"Lucas Souza"
20230012,"Beatriz Lima"
20230013,"Rafael Gomes"
20230014,"Camila Barbosa"
20230015,"Marcelo Ribeiro"
20230016,"Larissa Alves"
20230017,"Gabriel Pinto"
20230018,"Isabela Correia"
20230019,"Thiago Fernandes"
20230020,"Aline Mendes"
20230021,"Bruno Castro"
20230022,"Carolina Nunes"
20230023,"Diogo Ramos"
20230024,"Elisa Cardoso"
20230025,"Fábio Teixeira"
20230026,"Gabriela Moreira"
20230027,"Henrique Dias"
20230028,"Inês Cavalcanti"
20230029,"Júlio Melo"
20230030,"Kátia Nascimento"
20230031,"Leandro Aragão"
20230032,"Mônica Borges"
20230033,"Nuno Coelho"
20230034,"Olga Rezende"
20230035,"Paulo Xavier"
20230036,"Quitéria Uchoa"
20230037,"Renato Vieira"
20230038,"Sandra Duarte"
20230039,"Tiago Fonseca"
20230040,"Úrsula Barros"
20230041,"Vitor Nogueira"
20230042,"Wanda Esteves"
20230043,"Xavier Peixoto"
20230044,"Yasmin Guimarães"
20230045,"Zélio Monteiro"
20230046,"Amanda Lopes"
20230047,"Bernardo Cunha"
20230048,"Carla Freitas"
20230049,"Daniel Rocha"
20230050,"Eduarda Vasconcelos"
20230051,"Flávio Neves"
20230052,"Gisele Andrade"
20230053,"Hugo Medeiros"
20230054,"Iris Pires"
20230055,"Jonas Quadros"
20230056,"Kelly Torres"
20230057,"Leonardo Brito"
20230058,"Michele Campos"
20230059,"Nelson Guerra"
20230060,"Otávia Siqueira"
20230061,"Péricles Dantas"
20230062,"Quênia Galvão"
20230063,"Ricardo Braga"
20230064,"Sabrina Tavares"
20230065,"Tomás Pacheco"
20230066,"Ulisses Bandeira"
20230067,"Valéria Magalhães"
20230068,"Wagner Leal"
20230069,"Ximena Cordeiro"
20230070,"Yuri Figueiredo"
20230071,"Zara Pessoa"
20230072,"Adriano Sampaio"
20230073,"Bianca Maia"
20230074,"Cássio Aguiar"
20230075,"Débora Vargas"
20230076,"Edmundo Viana"
20230077,"Flávia Queiroz"
20230078,"Gustavo Padilha"
20230079,"Helena Paiva"
20230080,"Ivan Mota"
20230081,"Joana Bastos"
20230082,"Kleber Gonzaga"
20230083,"Lúcia Bezerra"
20230084,"Maurício Abreu"
20230085,"Natália Vidal"
20230086,"Osvaldo Damasceno"
20230087,"Priscila Rangel"
20230088,"Quirino Botelho"
20230089,"Raquel Prado"
20230090,"Sérgio Frota"
20230091,"Tatiana Portela"
20230092,"Ulisses Mesquita"
20230093,"Viviane Farias"
20230094,"Wellington Rego"
20230095,"Xuxa Batista"
20230096,"Yago Domingues"
20230097,"Zélia Falcão"
20230098,"Artur Mendonça"
20230099,"Bruna Holanda"
20230100,"César Junqueira"
